Magasin;3,00;38,28;PIXMA MG3600;CANON;FTCPG540XL
Magasin;0,00;0,00;PIXMA MG3600;CANON;FTCCCL541XL
Magasin;0,00;19,80;845C;HP;HP15/origine
Magasin;1,00;19,80;845C;HP;FTH6615D
CDI;0,00;146,66;C2665DNF;Dell;FTD593-BBBU_BKCMY
CDI;1,00;37,80;C2665DNF;Dell;FTD593-BBBU
CDI;0,00;37,80;C2665DNF;Dell;FTD593-BBBT
CDI;0,00;37,80;C2665DNF;Dell;FTD593-BBBS
CDI;0,00;37,80;C2665DNF;Dell;FTD593-BBBR
Modelage;0,00;335,23;C831 (PCL);Oki; FTO44844508BKCMY
Modelage;1,00;72,00;C831 (PCL);Oki; FTO44844508
Modelage;1,00;92,40;C831 (PCL);Oki; FTO44844507
Modelage;1,00;92,40;C831 (PCL);Oki; FTO44844506
Modelage;0,00;92,40;C831 (PCL);Oki; FTO44844508-Y
CPI;1,00;106,84;C823DN;Oki;46471104-BK
CPI;1,00;384,07;C823DN;Oki;FTO44844616-BKCMY
Art App C308;0,00;384,07;C822DN;Oki;FTO44844616_BKCMY
Art App C308;0,00;74,28;C822DN;Oki;FTO44844616
Art App C308;0,00;128,60;C822DN;Oki;FTO44844615
Art App C308;0,00;128,60;C822DN;Oki;FTO44844614
Art App C308;0,00;128,60;C822DN;Oki;FTO44844613
Déco C309;0,00;42,72;MFC-J6510DW;Brother;FTBLC1280XLBKCMY
TS Ceram;0,00;302,64;PAGEWIDE 352DW;HP;HP L0R95AE BKCMY
TS Ceram;0,00;62,40;PAGEWIDE 352DW;HP;HP L0R95AE
TS Ceram;0,00;62,40;PAGEWIDE 352DW;HP;HP F6T77AE
TS Ceram;0,00;62,40;PAGEWIDE 352DW;HP;HP F6T78AE
TS Ceram;0,00;62,40;PAGEWIDE 352DW;HP;HP F6T79AE
MEI;0,00;242,11;laserjet pro M277DW;HP;FTHCF400X_BKCMY
MEI;0,00;550,66;enterprise M553N;laserjet;FTHCF361A_BKCMY
FOND;0,00;3,60;MFC 6490 cw (250c);Brother;LC1100-BK/origine
FOND;0,00;3,60;MFC 6490 cw (250c);Brother;LC1100-C/origine
FOND;0,00;3,60;MFC 6490 cw (250c);Brother;LC1100-M/origine
FOND;0,00;3,60;MFC 6490 cw (250c);Brother;LC1100-Y/origine
SN;1,00;41,88;1320N;HP;FTH5949A
SN;1,00;34,80;LASERJET 2100;HP;FTH4096
SN;1,00;212,65;LASERJET CP 3505 DN;HP;FTH6470A_BKCMY
SN;2,00;45,48;ML2525;SAMSUNG;FTSMLT-D1052L
TU;0,00;16,98;Deskjet 5740;HP;FTHC9363EE
TU;2,00;19,08;Deskjet 5740;HP;HP339/origine
TU;2,00;19,08;Deskjet 5740;HP;FTHC8767
STD2A;1,00;56,17;MFC J6930DW;Brother;FTBLC3219XLBKCMY
STI2D;2,00;3,60;MFC 250C;Brother;FTBLC1100BK
STI2D;0,00;3,60;MFC 250C;Brother;FTBLC1100M
STI2D;1,00;3,60;MFC 250C;Brother;LC1100-Y/origine
